energy_bins,angular_bins,reservoir_radius_pc,model,metric,unit,combined_value,seed_count,seed_full_range_fraction_of_mean,seed_gate,numerical_solver_gate
8,17,1.295141053175,direct,mass,Msun/Myr,8.223767118835065,2,0.03500656318909135,True,True
8,17,1.295141053175,direct,capture_binding_energy,Msun (km/s)^2/Myr,110684462.21368538,2,0.06954690948698529,True,True
8,17,1.295141053175,immediate,mass,Msun/Myr,9.132194691757139,2,0.03322939503857118,True,True
8,17,1.295141053175,immediate,capture_binding_energy,Msun (km/s)^2/Myr,110246504.23800606,2,0.06905358006106703,True,True
12,17,1.295141053175,direct,mass,Msun/Myr,8.993819496237364,2,0.03274449482383149,True,True
12,17,1.295141053175,direct,capture_binding_energy,Msun (km/s)^2/Myr,116964820.95884217,2,0.04112709562974229,True,True
12,17,1.295141053175,immediate,mass,Msun/Myr,9.939071109855938,2,0.03135804715399285,True,True
12,17,1.295141053175,immediate,capture_binding_energy,Msun (km/s)^2/Myr,116619403.53044292,2,0.040901914370830426,True,True
16,17,1.295141053175,direct,mass,Msun/Myr,10.036722691623671,2,0.026283624074732254,True,True
16,17,1.295141053175,direct,capture_binding_energy,Msun (km/s)^2/Myr,134849392.3387084,2,0.025122692719743947,True,True
16,17,1.295141053175,immediate,mass,Msun/Myr,11.030320382506572,2,0.02551162788505418,True,True
16,17,1.295141053175,immediate,capture_binding_energy,Msun (km/s)^2/Myr,134501328.62015557,2,0.02494181851086979,True,True
16,33,1.295141053175,direct,mass,Msun/Myr,9.688785252650678,2,0.028506916355146288,True,True
16,33,1.295141053175,direct,capture_binding_energy,Msun (km/s)^2/Myr,102217029.75311619,2,0.027301851504572854,True,True
16,33,1.295141053175,immediate,mass,Msun/Myr,10.675182020348666,2,0.02772146972405181,True,True
16,33,1.295141053175,immediate,capture_binding_energy,Msun (km/s)^2/Myr,101976866.33997506,2,0.026890792046822785,True,True
16,33,1.377343015078,direct,mass,Msun/Myr,9.866251471882656,2,0.01047708826605785,True,True
16,33,1.377343015078,direct,capture_binding_energy,Msun (km/s)^2/Myr,103790827.68034181,2,0.024574014090050063,True,True
16,33,1.377343015078,immediate,mass,Msun/Myr,10.876927880711573,2,0.010244421262165184,True,True
16,33,1.377343015078,immediate,capture_binding_energy,Msun (km/s)^2/Myr,103539826.25402032,2,0.024120386109479593,True,True
16,33,1.447927911662,direct,mass,Msun/Myr,10.030984355597932,2,0.01717513161934701,True,True
16,33,1.447927911662,direct,capture_binding_energy,Msun (km/s)^2/Myr,100722039.19393227,2,0.005494950934224996,True,True
16,33,1.447927911662,immediate,mass,Msun/Myr,11.06848884479837,2,0.015805026734315088,True,True
16,33,1.447927911662,immediate,capture_binding_energy,Msun (km/s)^2/Myr,100538212.81178437,2,0.004973828966895975,True,True
24,33,1.295141053175,direct,mass,Msun/Myr,11.434789531015355,2,0.03928611030943353,True,True
24,33,1.295141053175,direct,capture_binding_energy,Msun (km/s)^2/Myr,126638396.70047025,2,0.05508874953524298,True,True
24,33,1.295141053175,immediate,mass,Msun/Myr,12.514570627135052,2,0.0376227681553544,True,True
24,33,1.295141053175,immediate,capture_binding_energy,Msun (km/s)^2/Myr,126381431.03235479,2,0.05465938711614729,True,True
32,33,1.295141053175,direct,mass,Msun/Myr,12.262727819306399,2,0.030870575676246258,True,True
32,33,1.295141053175,direct,capture_binding_energy,Msun (km/s)^2/Myr,142445709.3324425,2,0.014781422882807344,True,True
32,33,1.295141053175,immediate,mass,Msun/Myr,13.35718306770836,2,0.029795060325515623,True,True
32,33,1.295141053175,immediate,capture_binding_energy,Msun (km/s)^2/Myr,142131496.17123237,2,0.014577787370436177,True,True
32,65,1.295141053175,direct,mass,Msun/Myr,11.86499940722722,2,0.03144772156674667,True,True
32,65,1.295141053175,direct,capture_binding_energy,Msun (km/s)^2/Myr,112575803.49686776,2,0.02939592585859473,True,True
32,65,1.295141053175,immediate,mass,Msun/Myr,12.947664554608656,2,0.030368312540996575,True,True
32,65,1.295141053175,immediate,capture_binding_energy,Msun (km/s)^2/Myr,112455045.30507898,2,0.028854905988536808,True,True
32,65,1.377343015078,direct,mass,Msun/Myr,12.266971144255077,2,0.0027665382993710633,True,True
32,65,1.377343015078,direct,capture_binding_energy,Msun (km/s)^2/Myr,117931149.8096773,2,0.003302232644912442,True,True
32,65,1.377343015078,immediate,mass,Msun/Myr,13.385941705686726,2,0.0018367274666715836,True,True
32,65,1.377343015078,immediate,capture_binding_energy,Msun (km/s)^2/Myr,117778238.70827666,2,0.003182433978389634,True,True
32,65,1.447927911662,direct,mass,Msun/Myr,12.6610010238141,2,0.010363371489230914,True,True
32,65,1.447927911662,direct,capture_binding_energy,Msun (km/s)^2/Myr,117097645.20122248,2,0.038126231279127024,True,True
32,65,1.447927911662,immediate,mass,Msun/Myr,13.822251331341334,2,0.008884609700325384,True,True
32,65,1.447927911662,immediate,capture_binding_energy,Msun (km/s)^2/Myr,117015637.5288269,2,0.038105680822389125,True,True
48,65,1.295141053175,direct,mass,Msun/Myr,13.57556994071878,2,0.03500275387351494,True,True
48,65,1.295141053175,direct,capture_binding_energy,Msun (km/s)^2/Myr,141458975.44949737,2,0.04434453394452461,True,True
48,65,1.295141053175,immediate,mass,Msun/Myr,14.72170636243498,2,0.03369378351324797,True,True
48,65,1.295141053175,immediate,capture_binding_energy,Msun (km/s)^2/Myr,141282174.63633227,2,0.043650009344627094,True,True
48,129,1.295141053175,direct,mass,Msun/Myr,13.447082408917026,2,0.038458634148538194,True,True
48,129,1.295141053175,direct,capture_binding_energy,Msun (km/s)^2/Myr,122017042.17440975,2,0.031397452867558386,True,True
48,129,1.295141053175,immediate,mass,Msun/Myr,14.595150258632085,2,0.03713822863042602,True,True
48,129,1.295141053175,immediate,capture_binding_energy,Msun (km/s)^2/Myr,122021068.98426114,2,0.030817976802848795,True,True
48,129,1.377343015078,direct,mass,Msun/Myr,13.585584740415394,2,0.013349332802622951,True,True
48,129,1.377343015078,direct,capture_binding_energy,Msun (km/s)^2/Myr,130191514.2155949,2,0.047279234378284886,True,True
48,129,1.377343015078,immediate,mass,Msun/Myr,14.752156379052158,2,0.013206949833719811,True,True
48,129,1.377343015078,immediate,capture_binding_energy,Msun (km/s)^2/Myr,130041758.28426538,2,0.046582312227351236,True,True
48,129,1.447927911662,direct,mass,Msun/Myr,13.80520395967617,2,0.0038665072434100737,True,True
48,129,1.447927911662,direct,capture_binding_energy,Msun (km/s)^2/Myr,124158446.64647679,2,0.005502057806135603,True,True
48,129,1.447927911662,immediate,mass,Msun/Myr,14.99747586534441,2,0.004273135645278348,True,True
48,129,1.447927911662,immediate,capture_binding_energy,Msun (km/s)^2/Myr,124162140.03172214,2,0.00556642273232719,True,True
64,129,1.295141053175,direct,mass,Msun/Myr,14.051444592357138,2,0.036390940171508415,True,True
64,129,1.295141053175,direct,capture_binding_energy,Msun (km/s)^2/Myr,140640053.37221467,2,0.06093281329883959,True,True
64,129,1.295141053175,immediate,mass,Msun/Myr,15.211779181538516,2,0.035420341864218975,True,True
64,129,1.295141053175,immediate,capture_binding_energy,Msun (km/s)^2/Myr,140520516.05775324,2,0.060206042729404004,True,True
64,257,1.295141053175,direct,mass,Msun/Myr,14.06080600205032,2,0.03671240523533659,True,True
64,257,1.295141053175,direct,capture_binding_energy,Msun (km/s)^2/Myr,133359592.76000325,2,0.013531115637548654,True,True
64,257,1.295141053175,immediate,mass,Msun/Myr,15.225413953495528,2,0.03561277641854009,True,True
64,257,1.295141053175,immediate,capture_binding_energy,Msun (km/s)^2/Myr,133308902.4856688,2,0.013378560005132382,True,True
64,257,1.377343015078,direct,mass,Msun/Myr,14.540245121619177,2,0.009264238152959764,True,True
64,257,1.377343015078,direct,capture_binding_energy,Msun (km/s)^2/Myr,142051045.64557624,2,0.025874947124835675,True,True
64,257,1.377343015078,immediate,mass,Msun/Myr,15.731463779763837,2,0.008078684901285726,True,True
64,257,1.377343015078,immediate,capture_binding_energy,Msun (km/s)^2/Myr,141927100.490921,2,0.025379312917355318,True,True
64,257,1.447927911662,direct,mass,Msun/Myr,14.834171967040954,2,0.001398475618528319,True,True
64,257,1.447927911662,direct,capture_binding_energy,Msun (km/s)^2/Myr,137817138.41085014,2,0.05481209927167184,True,True
64,257,1.447927911662,immediate,mass,Msun/Myr,16.063402553776896,2,0.0009852352285002212,True,True
64,257,1.447927911662,immediate,capture_binding_energy,Msun (km/s)^2/Myr,137783240.8240267,2,0.05414392947357672,True,True
