branch,tau_relax,time_myr,rho_inner_mean_msun_pc3,sigma_inner_1d_kms,r_inner_pc,inner_shell_mass_msun,rho_c_msun_pc3,sigma_c_kms,r0_pc,M_bh_msun,L_inner_msun_kms2_per_myr,captured_mass_msun,E_boundary_msun_kms2,E_conduction_budget_error_msun_kms2,E_total_code,n_conduction,lmfp_scaleheight_factor_inner,lmfp_scaleheight_factor_min
control,0.0,0.0,5.53464172639184,38.78324304791049,20.671968517391097,204797.0322016099,5.53464172639184,38.78324304791049,20.671968517391097,3999999.999999999,0.0,0.0,0.0,0.0,-0.2237668699588254,0,0.1331467239565154,0.11775584168612098
control,0.0020000872316299897,0.3704439158368297,7.189138900856854,36.70147685306481,18.946063903806518,204797.0322016099,7.189138900856854,36.70147685306481,18.946063903806518,3999999.999999999,0.0,0.0,0.0,1.7804638856448742e-10,-0.22376682610070014,18155,0.13314641845005454,0.10637868555421397
control,0.004000004559075835,0.7408563630605427,8.48807413843377,35.73388725008985,17.925644312802902,204797.0322016099,8.48807413843377,35.73388725008985,17.925644312802902,3999999.999999999,0.0,0.0,0.0,-2.6745165664193387e-12,-0.2237668161754997,39610,0.13314631754841158,0.10117370437691352
control,0.006000073784689148,1.1112969439331664,9.605570267577686,35.15058863878761,17.201647751800728,204797.0322016099,9.605570267577686,35.15058863878761,17.201647751800728,3999999.999999999,0.0,0.0,0.0,-1.269440184561179e-10,-0.22376681760590547,63836,0.13314626844938324,0.09774076331185574
control,0.008000030576466288,1.481716700498787,10.609670641759832,34.75625811272316,16.64091099869144,204797.0322016099,10.609670641759832,34.75625811272316,16.64091099869144,3999999.999999999,0.0,0.0,0.0,-1.6324102900038036e-10,-0.22376682433583553,90523,0.13314623976360532,0.09518675570220697
control,0.010000051107849035,1.8521482625240502,11.536977313903487,34.47057380772132,16.18255265724495,204797.0322016099,11.536977313903487,34.47057380772132,16.18255265724495,3999999.999999999,0.0,0.0,0.0,-1.5817855121394374e-10,-0.22376683394796854,119473,0.13314622102155416,0.09315166818948263
control,0.012000025054968376,2.222571196497157,12.409896606457457,34.253742750878544,15.793860730830735,204797.0322016099,12.409896606457457,34.253742750878544,15.793860730830735,3999999.999999999,0.0,0.0,0.0,-6.404511992086309e-11,-0.2237668452823101,150546,0.13314620780767789,0.09145556748007654
control,0.014000044108736646,2.5930024848477102,13.243533145946548,34.08354875552405,15.455262718409008,204797.0322016099,13.243533145946548,34.08354875552405,15.455262718409008,3999999.999999999,0.0,0.0,0.0,-1.2837679518812826e-10,-0.22376685771780722,183645,0.13314619795890592,0.0899958926292673
control,0.016000020503093376,2.963425872083148,14.048594807802429,33.94655698784243,15.154212551278471,204797.0322016099,14.048594807802429,33.94655698784243,15.154212551278471,3999999.999999999,0.0,0.0,0.0,-1.285200728613293e-10,-0.2237668708952382,218698,0.13314619030111444,0.08870910492060584
control,0.018000016508342268,3.3338528915280063,14.833142818814814,33.83411582638966,14.882181703245575,204797.0322016099,14.833142818814814,33.83411582638966,14.882181703245575,3999999.999999999,0.0,0.0,0.0,-1.38573389597602e-10,-0.22376688459741315,255656,0.13314618414472326,0.08755312677537815
control,0.02000004530671839,3.7042859847151863,15.603429816255275,33.74039598391613,14.633143510208328,204797.0322016099,15.603429816255275,33.74039598391613,14.633143510208328,3999999.999999999,0.0,0.0,0.0,-1.0060480619932745e-10,-0.22376689868810642,294485,0.1331461790601746,0.08649881071547916
control,0.022000043755841636,4.074713456799495,16.364455271304813,33.66132047491131,14.40269617260747,204797.0322016099,16.364455271304813,33.66132047491131,14.40269617260747,3999999.999999999,0.0,0.0,0.0,-1.5137286173689455e-10,-0.22376691308001298,335162,0.133146174766729,0.08552520032102226
control,0.024000036826520795,4.445139932721309,17.12039118485633,33.59394375850449,14.187517749660463,204797.0322016099,17.12039118485633,33.59394375850449,14.187517749660463,3999999.999999999,0.0,0.0,0.0,-1.40650915859017e-10,-0.2237669277179943,377676,0.13314617107320278,0.08461668769076991
control,0.02600001254585497,4.8155631949332,17.87477797017755,33.536086857906895,13.985052135274037,204797.0322016099,17.87477797017755,33.536086857906895,13.985052135274037,3999999.999999999,0.0,0.0,0.0,-1.7109742141423717e-10,-0.2237669425675758,422024,0.13314616784520622,0.08376138687953641
control,0.028000019646339476,5.185992269369693,18.630732205776336,33.48610056216748,13.79328353463912,204797.0322016099,18.630732205776336,33.48610056216748,13.79328353463912,3999999.999999999,0.0,0.0,0.0,-2.643711866681116e-10,-0.223766957609137,468212,0.13314616498544943,0.08295000575242563
control,0.03000002588222771,5.556421183670956,19.39101656368004,33.44271688350838,13.610605381498589,204797.0322016099,19.39101656368004,33.44271688350838,13.610605381498589,3999999.999999999,0.0,0.0,0.0,-2.6529055173781826e-10,-0.22376697283271374,516251,0.13314616242193283,0.08217518539912218
control,0.032000034183985414,5.926850480599918,20.158175594450316,33.40494331826751,13.435708020377659,204797.0322016099,20.158175594450316,33.40494331826751,13.435708020377659,3999999.999999999,0.0,0.0,0.0,-2.1874918755968172e-10,-0.22376698823616228,566159,0.13314616010007152,0.08143095816896827
control,0.03400001569738483,6.297274815953113,20.934580933539657,33.37199380880368,13.267513517837006,204797.0322016099,20.934580933539657,33.37199380880368,13.267513517837006,3999999.999999999,0.0,0.0,0.0,-2.9134320864820664e-10,-0.22376700382286827,617959,0.13314615797780205,0.08071242840887277
control,0.03600003447585479,6.667706053314598,21.7225362432978,33.343236974578126,13.105113402688195,204797.0322016099,21.7225362432978,33.343236974578126,13.105113402688195,3999999.999999999,0.0,0.0,0.0,-3.3013563866738714e-10,-0.22376701960154521,671682,0.13314615602203084,0.0800154793851438
control,0.03800002468242836,7.038131998764302,22.524236608204667,33.318163813398144,12.947748779341731,204797.0322016099,22.524236608204667,33.318163813398144,12.947748779341731,3999999.999999999,0.0,0.0,0.0,-3.731428202398981e-10,-0.22376703558369088,727361,0.13314615420648157,0.0793366699608918
control,0.04000001838860285,7.4085585923886725,23.34189745566897,33.29635810803274,12.794762737963074,204797.0322016099,23.34189745566897,33.29635810803274,12.794762737963074,3999999.999999999,0.0,0.0,0.0,-3.6907134635976865e-10,-0.22376705178486966,785037,0.13314615250982856,0.07867301806061525
control,0.04200002917827589,7.778988350114085,24.177744482754985,33.2774788466951,12.64558793626185,204797.0322016099,24.177744482754985,33.2774788466951,12.64558793626185,3999999.999999999,0.0,0.0,0.0,-3.9355988867104574e-10,-0.22376706822348943,844756,0.13314615091464965,0.07802193829533716
control,0.044000019238334194,8.149414268427131,25.034031172498505,33.26124574055663,12.49973163717608,204797.0322016099,25.034031172498505,33.26124574055663,12.49973163717608,3999999.999999999,0.0,0.0,0.0,-4.64267420395757e-10,-0.2237670849203415,906568,0.1331461494065626,0.07738117158159884
control,0.04600002462192586,8.51984302487124,25.913122787121864,33.247427070757894,12.356753005709283,204797.0322016099,25.913122787121864,33.247427070757894,12.356753005709283,3999999.999999999,0.0,0.0,0.0,-4.5778410568341014e-10,-0.2237671018995853,970531,0.13314614797341312,0.07674868187229637
control,0.04800001617003269,8.890269218791524,26.817467904245014,33.23583240503206,12.216262567732507,204797.0322016099,26.817467904245014,33.23583240503206,12.216262567732507,3999999.999999999,0.0,0.0,0.0,-4.564229677880003e-10,-0.2237671191876238,1036707,0.1331461466049669,0.07612265082716872
control,0.05000001470504114,9.260696706782966,27.74968048486794,33.226305261144546,12.077905235969705,204797.0322016099,27.74968048486794,33.226305261144546,12.077905235969705,3999999.999999999,0.0,0.0,0.0,-5.296139791815295e-10,-0.22376713681420518,1105166,0.13314614529241828,0.07550140064991406
control,0.05200001530490152,9.631124577213644,28.712540109043317,33.21871862169939,11.941358593935389,204797.0322016099,28.712540109043317,33.21871862169939,11.941358593935389,3999999.999999999,0.0,0.0,0.0,-5.435298231911801e-10,-0.22376715481195655,1175984,0.13314614402815705,0.07488338461123352
control,0.05400000403156843,10.001550248564095,29.709035110639935,33.21297094422878,11.806325738307775,204797.0322016099,29.709035110639935,33.21297094422878,11.806325738307775,3999999.999999999,0.0,0.0,0.0,-5.191666488439539e-10,-0.22376717321679665,1249244,0.13314614280550793,0.07426715369929696
control,0.05600002103140482,10.371981156497958,30.74243545640379,33.20898313457484,11.672526059391505,204797.0322016099,30.74243545640379,33.20898313457484,11.672526059391505,3999999.999999999,0.0,0.0,0.0,-5.335302355823578e-10,-0.22376719206885778,1325039,0.1331461416185149,0.07365131330717155
control,0.05800000770163273,10.742406446967363,31.816260329002958,33.206696757452484,11.5397011960634,204797.0322016099,31.816260329002958,33.206696757452484,11.5397011960634,3999999.999999999,0.0,0.0,0.0,-4.954721036383326e-10,-0.22376721141149103,1403467,0.13314614046191606,0.07303454941549752
control,0.06000001980839973,11.112836448636859,32.93444157713933,33.20607215272539,11.407597024487249,204797.0322016099,32.93444157713933,33.20607215272539,11.407597024487249,3999999.999999999,0.0,0.0,0.0,-5.370345686727331e-10,-0.22376723129378254,1484640,0.1331461393308744,0.07241554422252958
sink,0.0,0.0,5.53464172639184,38.78324304791049,20.671968517391097,204797.0322016099,5.53464172639184,38.78324304791049,20.671968517391097,3999999.999999999,-133675.11181299388,0.0,0.0,0.0,-0.2237668699588254,0,0.1331467239565154,0.11775584168612098
sink,0.0020000356041493983,0.370434353710852,7.189578766623499,36.700988305566625,18.945677508252608,204797.0322016099,7.189578766623499,36.700988305566625,18.945677508252608,3999999.999999999,-133675.11181299388,5.208605584023179,-49517.85365167248,-2.099208576173838e-09,-0.22376682776403203,18155,0.13314641830691654,0.10637580893581558
sink,0.004000082849244055,0.7408708634863383,8.489102734822472,35.73308746539564,17.924920276163743,204797.0322016099,8.489102734822472,35.73308746539564,17.924920276163743,3999999.999999999,-133675.11181299388,10.41724148405291,-99035.99551552557,-5.977212450090064e-09,-0.22376681951170838,39613,0.1331463173462827,0.10116888468586206
sink,0.006000006840079614,1.1112845448623119,9.6070561019776,35.14966940601266,17.20076088830218,204797.0322016099,9.6070561019776,35.14966940601266,17.20076088830218,3999999.999999999,-133675.11181299388,15.625556398385752,-148551.08579052286,-7.3923223733806425e-09,-0.2237668226191853,63840,0.13314626822278408,0.09773495547657281
sink,0.008000041423249846,1.4817187094736515,10.611767959424585,34.755200762716726,16.639814607317245,204797.0322016099,10.611767959424585,34.755200762716726,16.639814607317245,3999999.999999999,-133675.11181299388,20.834159323517373,-198068.91416429778,-6.421270629304602e-09,-0.22376683102860176,90532,0.1331462395175657,0.09517977407220282
sink,0.010000039812997248,1.8521461705607305,11.539665772251952,34.469425189238734,16.18129583528068,204797.0322016099,11.539665772251952,34.469425189238734,16.18129583528068,3999999.999999999,-133675.11181299388,26.042667991694834,-247585.8464437147,-5.4719047446173144e-09,-0.22376684232128558,119487,0.13314622076295898,0.09314375733428779
sink,0.012000031722499178,2.2225724314164044,12.413224465217043,34.25251536637411,15.792449201503063,204797.0322016099,12.413224465217043,34.25251536637411,15.792449201503063,3999999.999999999,-133675.11181299388,31.251159783651353,-297102.61828206957,-4.561063390549836e-09,-0.22376685533745996,150567,0.13314620753934278,0.09144676635488902
sink,0.014000038406930879,2.593001428794143,13.24751796915324,34.08225859178303,15.453712914763576,204797.0322016099,13.24751796915324,34.08225859178303,15.453712914763576,3999999.999999999,-133675.11181299388,36.45969005331374,-346619.7559253141,-3.5941019628604272e-09,-0.22376686945553326,183674,0.13314619768303784,0.08998628215274022
sink,0.016000028161511495,2.96342729052848,14.053278995185964,33.94521192441587,15.152528636322447,204797.0322016099,14.053278995185964,33.94521192441587,15.152528636322447,3999999.999999999,-133675.11181299388,41.668176233302574,-396136.47441106837,-2.6185461134926e-09,-0.22376688431650885,218737,0.1331461900189933,0.08869870960084911
sink,0.01800000218530834,3.333850238703324,14.838546036554131,33.83272579253877,14.880375102613847,204797.0322016099,14.838546036554131,33.83272579253877,14.880375102613847,3999999.999999999,-133675.11181299388,46.876621446296596,-445652.803426443,-1.7121743512149007e-09,-0.22376689970274288,255706,0.13314618385745078,0.08754199978042167
sink,0.020000024477661534,3.7042821268847557,15.60959415812874,33.73896632183805,14.63121699945028,204797.0322016099,15.60959415812874,33.73896632183805,14.63121699945028,3999999.999999999,-133675.11181299388,52.0851923629889,-495170.32749818795,-7.930243845775247e-10,-0.22376691547838665,294548,0.13314617876842633,0.08648696655823299
sink,0.022000025290272007,4.074710036719704,16.371422639057506,33.65985615121715,14.400652698724448,204797.0322016099,16.371422639057506,33.65985615121715,14.400652698724448,3999999.999999999,-133675.11181299388,57.2937073409231,-544687.319764018,2.04199041350964e-10,-0.22376693155604108,335240,0.1331461744710286,0.08551265287305422
sink,0.024000023791704076,4.445137518492333,17.128204274463503,33.59244930529753,14.185360180882311,204797.0322016099,17.128204274463503,33.59244930529753,14.185360180882311,3999999.999999999,-133675.11181299388,62.50221629995607,-594204.2548085778,1.1624501939308897e-09,-0.22376694788056084,377771,0.13314617077396515,0.0846034492772315
sink,0.02600000280962087,4.81556139164751,17.883480974531636,33.53456638911214,13.98278314424081,204797.0322016099,17.883480974531636,33.53456638911214,13.98278314424081,3999999.999999999,-133675.11181299388,67.71067451891909,-643720.7074708068,1.6150578339915016e-09,-0.22376696441744404,422138,0.13314616754277858,0.08374746793935665
sink,0.02800000627598265,5.185989792994032,18.640371399991064,33.484557817719484,13.790905546553379,204797.0322016099,18.640371399991064,33.484557817719484,13.790905546553379,3999999.999999999,-133675.11181299388,72.91919640790219,-693237.7654395361,1.364209223969619e-09,-0.2237669811471134,468347,0.133146164680119,0.08293541473852696
sink,0.030000038312367232,5.556423485905321,19.40165636945647,33.441154455964494,13.608116910417442,204797.0322016099,19.40165636945647,33.441154455964494,13.608116910417442,3999999.999999999,-133675.11181299388,78.1277927005509,-742755.5307587422,1.1753750340342332e-09,-0.22376699805993255,516410,0.13314616211386868,0.08215991332101406
sink,0.03200001445828388,5.926846827126209,20.16985181894328,33.40336531395329,13.433114886902441,204797.0322016099,20.16985181894328,33.40336531395329,13.433114886902441,3999999.999999999,-133675.11181299388,83.33624344008909,-792271.912314585,9.163933639040184e-10,-0.22376701515307487,566343,0.13314615978953062,0.08141502628100497
sink,0.03400002000456314,6.297275613702317,20.947378559511044,33.370401965756706,13.264811063239044,204797.0322016099,20.947378559511044,33.370401965756706,13.264811063239044,3999999.999999999,-133675.11181299388,88.54477074571066,-841789.021778911,6.654316988431256e-10,-0.2237670324309468,618172,0.1331461576648594,0.08069581259308568
sink,0.03600003385663486,6.667705938626471,21.736513304930767,33.34163439329443,13.102303828647184,204797.0322016099,21.736513304930767,33.34163439329443,13.102303828647184,3999999.999999999,-133675.11181299388,93.75331968174565,-891306.3368820818,4.2341686630007415e-10,-0.2237670499016557,671926,0.13314615570681784,0.07999818402135996
sink,0.03800002202346119,7.038131506286677,22.53947004436711,33.31655296238839,12.944831172167737,204797.0322016099,22.53947004436711,33.31655296238839,12.944831172167737,3999999.999999999,-133675.11181299388,98.96180172681518,-940823.0160574378,1.2868405863573518e-10,-0.22376706757701062,727639,0.1331461538890912,0.07931868538034947
sink,0.04000000944648912,7.408556936185096,23.358468704811553,33.294741494020606,12.791736338276204,204797.0322016099,23.358468704811553,33.294741494020606,12.791736338276204,3999999.999999999,-133675.11181299388,104.17028183484292,-990339.6768174935,-1.9338642757051397e-10,-0.22376708547263702,785352,0.13314615219032427,0.07865433450954823
sink,0.04200000289269023,7.778983481658786,24.195740228073397,33.27585900724947,12.642452066457713,204797.0322016099,24.195740228073397,33.27585900724947,12.642452066457713,3999999.999999999,-133675.11181299388,109.37877762875816,-1039856.4867021992,-4.745102815538686e-10,-0.22376710360699623,845111,0.1331461505931116,0.078002545651499
sink,0.04400002157085906,8.14941470044311,25.053571719095586,33.25962477052552,12.496481056142185,204797.0322016099,25.053571719095586,33.25962477052552,12.496481056142185,3999999.999999999,-133675.11181299388,114.5873391331876,-1089373.9212922337,-7.6479830983798e-10,-0.22376712200149643,906968,0.1331461490829737,0.07736103890020275
sink,0.04600002727491892,8.519843516242377,25.93430732812322,33.24580776030205,12.353387523454547,204797.0322016099,25.93430732812322,33.24580776030205,12.353387523454547,3999999.999999999,-133675.11181299388,119.79586684971032,-1138891.0346629529,-1.0607190349295424e-09,-0.22376714067978543,970979,0.1331461476478428,0.07672779951724332
sink,0.048000014525183564,8.890268914142636,26.840417228981458,33.23421741669966,12.212779812026143,204797.0322016099,26.840417228981458,33.23421741669966,12.212779812026143,3999999.999999999,-133675.11181299388,125.00434650781816,-1188407.6911456264,-1.3241453911602496e-09,-0.22376715966861252,1037207,0.1331461462774245,0.07610099874774211
sink,0.050000023874559194,9.26069840510498,27.7745378692008,33.22469729318408,12.074301027204088,204797.0322016099,27.7745378692008,33.22469729318408,12.074301027204088,3999999.999999999,-133675.11181299388,130.21288371767793,-1237924.8947688711,-1.5543187344440702e-09,-0.2237671789981057,1105723,0.13314614496290925,0.07547894977533098
sink,0.05200001104743247,9.631123788671283,28.739445344481965,33.21712072080673,11.937631006780313,204797.0322016099,28.739445344481965,33.21712072080673,11.937631006780313,3999999.999999999,-133675.11181299388,135.4213631742388,-1287441.5493354565,-1.8107609570643728e-09,-0.22376719870070874,1176602,0.13314614369667654,0.07486011504663376
sink,0.05400000725040079,10.001550844736526,29.73816691251853,33.211386199401396,11.802469269643945,204797.0322016099,29.73816691251853,33.211386199401396,11.802469269643945,3999999.999999999,-133675.11181299388,140.6298661474828,-1336958.4274735434,-2.0582830251710893e-09,-0.2237672188129886,1249929,0.13314614247202503,0.07424302830796177
sink,0.05600001285970009,10.37197964298482,30.77397245195601,33.20741502088804,11.668537372021152,204797.0322016099,30.77397245195601,33.20741502088804,11.668537372021152,3999999.999999999,-133675.11181299388,145.8383936172247,-1386475.5384981413,-2.3469854845170035e-09,-0.22376723937497234,1325796,0.13314614128300736,0.0736263036912618
sink,0.05800000855566282,10.74240660514559,31.850424102397326,33.205148997732074,11.53557375909898,204797.0322016099,31.850424102397326,33.205148997732074,11.53557375909898,3999999.999999999,-133675.11181299388,151.04689527009612,-1435992.4040835479,-2.5224479311379087e-09,-0.22376726043065562,1404303,0.13314614012435916,0.07300861124189702
sink,0.0593231093924701,10.987463244317489,32.586793446409416,33.20456718094437,11.448020454835742,204797.0322016099,32.586793446409416,33.20456718094437,11.448020454835742,3999999.999999999,-133675.11181299388,154.49258913300665,-1468750.377725372,-2.708905446701231e-09,-0.2237672746550956,1457744,0.1331461393721469,0.07259880509130365
